DATE,TMIN
10/17/2012,42
10/18/2012,41
10/19/2012,45
10/20/2012,45
10/21/2012,42
10/22/2012,42
10/23/2012,41
10/24/2012,34
10/25/2012,28
10/26/2012,22
10/27/2012,28
10/28/2012,35
10/29/2012,40
10/30/2012,42
10/31/2012,42
11/1/2012,42
11/2/2012,42
11/3/2012,38
11/4/2012,37
11/5/2012,43
11/6/2012,44
11/7/2012,42
11/8/2012,39
11/9/2012,33
11/10/2012,17
11/11/2012,13
11/12/2012,12
11/13/2012,26
11/14/2012,29
11/15/2012,32
11/16/2012,37
11/17/2012,34
11/18/2012,33
11/19/2012,32
11/20/2012,34
11/21/2012,38
11/22/2012,37
11/23/2012,36
11/24/2012,35
11/25/2012,35
11/26/2012,33
11/27/2012,31
11/28/2012,34
11/29/2012,36
11/30/2012,34
12/1/2012,35
12/2/2012,35
12/3/2012,34
12/4/2012,30
12/5/2012,34
12/6/2012,35
12/7/2012,30
12/8/2012,27
12/9/2012,10
12/10/2012,7
12/11/2012,15
12/12/2012,19
12/13/2012,27
12/14/2012,24
12/15/2012,20
12/16/2012,12
12/17/2012,12
12/18/2012,20
12/19/2012,8
12/20/2012,7
12/21/2012,23
12/22/2012,27
12/23/2012,26
12/24/2012,18
12/25/2012,14
12/26/2012,15
12/27/2012,13
12/28/2012,9
12/29/2012,8
12/30/2012,19
12/31/2012,11
1/1/2013,7
1/2/2013,5
1/3/2013,9
1/4/2013,11
1/5/2013,10
1/6/2013,25
1/7/2013,27
1/8/2013,25
1/9/2013,29
1/10/2013,25
1/11/2013,1
1/12/2013,-1
1/13/2013,-2
1/14/2013,1
1/15/2013,-1
1/16/2013,5
1/17/2013,25
1/18/2013,25
1/19/2013,24
1/20/2013,25
1/21/2013,26
1/22/2013,27
1/23/2013,32
1/24/2013,33
1/25/2013,31
1/26/2013,31
1/27/2013,31
1/28/2013,16
1/29/2013,10
1/30/2013,10
1/31/2013,18
2/1/2013,21
2/2/2013,23
2/3/2013,28
2/4/2013,24
2/5/2013,23
2/6/2013,29
2/7/2013,23
2/8/2013,28
2/9/2013,14
2/10/2013,15
2/11/2013,10
2/12/2013,8
2/13/2013,12
2/14/2013,17
2/15/2013,21
2/16/2013,19
2/17/2013,26
2/18/2013,20
2/19/2013,20
2/20/2013,17
2/21/2013,16
2/22/2013,13
2/23/2013,10
2/24/2013,9
2/25/2013,18
2/26/2013,17
2/27/2013,12
2/28/2013,16
3/1/2013,28
3/2/2013,31
3/3/2013,35
3/4/2013,26
3/5/2013,24
3/6/2013,32
3/7/2013,35
3/8/2013,27
3/9/2013,17
3/10/2013,21
3/11/2013,26
3/12/2013,30
3/13/2013,34
3/14/2013,38
3/15/2013,44
3/16/2013,37
3/17/2013,33
3/18/2013,32
3/19/2013,33
3/20/2013,29
3/21/2013,32
3/22/2013,27
3/23/2013,16
3/24/2013,11
3/25/2013,14
3/26/2013,28
3/27/2013,36
3/28/2013,38
3/29/2013,40
3/30/2013,39
3/31/2013,37
4/1/2013,38
4/2/2013,33
4/3/2013,30
4/4/2013,38
4/5/2013,43
4/6/2013,39
4/7/2013,39
4/8/2013,28
4/9/2013,27
4/10/2013,21
4/11/2013,22
4/12/2013,30
4/13/2013,35
4/14/2013,34
4/15/2013,39
4/16/2013,35
4/17/2013,22
4/18/2013,18
4/19/2013,21
4/20/2013,32
4/21/2013,31
4/22/2013,40
4/23/2013,29
4/24/2013,28
4/25/2013,40
4/26/2013,36
4/27/2013,40
4/28/2013,44
4/29/2013,49
4/30/2013,52
5/1/2013,32
5/2/2013,29
5/3/2013,32
5/4/2013,38
5/5/2013,44
5/6/2013,36
5/7/2013,36
5/8/2013,32
5/9/2013,36
5/10/2013,37
5/11/2013,38
5/12/2013,42
5/13/2013,49
5/14/2013,52
5/15/2013,50
5/16/2013,49
5/17/2013,48
5/18/2013,45
5/19/2013,39
5/20/2013,37
5/21/2013,40
5/22/2013,47
5/23/2013,50
5/24/2013,51
5/25/2013,50
5/26/2013,49
5/27/2013,46
5/28/2013,47
5/29/2013,41
5/30/2013,42
5/31/2013,48
6/1/2013,43
6/2/2013,47
6/3/2013,53
6/4/2013,54
6/5/2013,57
6/6/2013,54
6/7/2013,54
6/8/2013,55
6/9/2013,58
6/10/2013,60
6/11/2013,58
6/12/2013,60
6/13/2013,59
6/14/2013,56
6/15/2013,54
6/16/2013,52
6/17/2013,56
6/18/2013,55
6/19/2013,56
6/20/2013,52
6/21/2013,52
6/22/2013,54
6/23/2013,52
6/24/2013,55
6/25/2013,53
6/26/2013,59
6/27/2013,64
6/28/2013,63
6/29/2013,59
6/30/2013,55
7/1/2013,54
7/2/2013,54
7/3/2013,51
7/4/2013,60
7/5/2013,60
7/6/2013,56
7/7/2013,57
7/8/2013,58
7/9/2013,59
7/10/2013,59
7/11/2013,57
7/12/2013,57
7/13/2013,57
7/14/2013,60
7/15/2013,54
7/16/2013,52
7/17/2013,54
7/18/2013,53
7/19/2013,57
7/20/2013,56
7/21/2013,57
7/22/2013,57
7/23/2013,61
7/24/2013,54
7/25/2013,54
7/26/2013,56
7/27/2013,54
7/28/2013,54
7/29/2013,52
7/30/2013,56
7/31/2013,60
8/1/2013,56
8/2/2013,52
8/3/2013,53
8/4/2013,54
8/5/2013,54
8/6/2013,53
8/7/2013,51
8/8/2013,49
8/9/2013,50
8/10/2013,47
8/11/2013,46
8/12/2013,52
8/13/2013,54
8/14/2013,57
8/15/2013,56
8/16/2013,60
8/17/2013,56
8/18/2013,55
8/19/2013,57
8/20/2013,57
8/21/2013,56
8/22/2013,57
8/23/2013,56
8/24/2013,53
8/25/2013,53
8/26/2013,55
8/27/2013,58
8/28/2013,57
8/29/2013,58
8/30/2013,60
8/31/2013,58
9/1/2013,55
9/2/2013,55
9/3/2013,58
9/4/2013,59
9/5/2013,59
9/6/2013,59
9/7/2013,58
9/8/2013,55
9/9/2013,52
9/10/2013,52
9/11/2013,51
9/12/2013,49
9/13/2013,50
9/14/2013,47
9/15/2013,47
9/16/2013,52
9/17/2013,53
9/18/2013,49
9/19/2013,49
9/20/2013,49
9/21/2013,50
9/22/2013,39
9/23/2013,38
9/24/2013,42
9/25/2013,45
9/26/2013,43
9/27/2013,32
9/28/2013,30
9/29/2013,39
9/30/2013,46
10/1/2013,48
10/2/2013,46
10/3/2013,44
10/4/2013,28
10/5/2013,29
10/6/2013,35
10/7/2013,43
10/8/2013,45
10/9/2013,42
10/10/2013,29
10/11/2013,27
10/12/2013,31
10/13/2013,41
10/14/2013,34
10/15/2013,30
10/16/2013,28
10/17/2013,29
10/18/2013,31
10/19/2013,32
10/20/2013,36
10/21/2013,38
10/22/2013,38
10/23/2013,41
10/24/2013,44
10/25/2013,37
10/26/2013,38
10/27/2013,38
10/28/2013,38
10/29/2013,27
10/30/2013,25
10/31/2013,24
11/1/2013,31
11/2/2013,35
11/3/2013,36
11/4/2013,31
11/5/2013,22
11/6/2013,21
11/7/2013,28
11/8/2013,34
11/9/2013,36
11/10/2013,39
11/11/2013,39
11/12/2013,38
11/13/2013,36
11/14/2013,32
11/15/2013,32
11/16/2013,30
11/17/2013,30
11/18/2013,30
11/19/2013,33
11/20/2013,32
11/21/2013,31
11/22/2013,32
11/23/2013,28
11/24/2013,20
11/25/2013,20
11/26/2013,17
11/27/2013,22
11/28/2013,27
11/29/2013,28
11/30/2013,29
12/1/2013,23
12/2/2013,21
12/3/2013,22
12/4/2013,7
12/5/2013,6
12/6/2013,6
12/7/2013,11
12/8/2013,1
12/9/2013,-1
12/10/2013,2
12/11/2013,16
12/12/2013,25
12/13/2013,23
12/14/2013,19
12/15/2013,16
12/16/2013,25
12/17/2013,30
12/18/2013,33
12/19/2013,31
12/20/2013,22
12/21/2013,18
12/22/2013,15
12/23/2013,14
12/24/2013,21
12/25/2013,23
12/26/2013,25
12/27/2013,29
12/28/2013,27
12/29/2013,23
12/30/2013,18
12/31/2013,23
1/1/2014,29
1/2/2014,26
1/3/2014,28
1/4/2014,12
1/5/2014,6
1/6/2014,8
1/7/2014,20
1/8/2014,20
1/9/2014,22
1/10/2014,20
1/11/2014,26
1/12/2014,21
1/13/2014,16
1/14/2014,24
1/15/2014,23
1/16/2014,30
1/17/2014,27
1/18/2014,28
1/19/2014,30
1/20/2014,29
1/21/2014,30
1/22/2014,26
1/23/2014,22
1/24/2014,19
1/25/2014,26
1/26/2014,26
1/27/2014,28
1/28/2014,26
1/29/2014,22
1/30/2014,28
1/31/2014,22
2/1/2014,14
2/2/2014,10
2/3/2014,17
2/4/2014,13
2/5/2014,9
2/6/2014,14
2/7/2014,21
2/8/2014,23
2/9/2014,28
2/10/2014,30
2/11/2014,24
2/12/2014,26
2/13/2014,36
2/14/2014,38
2/15/2014,37
2/16/2014,37
2/17/2014,31
2/18/2014,36
2/19/2014,22
2/20/2014,14
2/21/2014,20
2/22/2014,27
2/23/2014,29
2/24/2014,33
2/25/2014,34
2/26/2014,35
2/27/2014,29
2/28/2014,25
3/1/2014,30
3/2/2014,28
3/3/2014,27
3/4/2014,29
3/5/2014,28
3/6/2014,32
3/7/2014,30
3/8/2014,29
3/9/2014,28
3/10/2014,38
3/11/2014,26
3/12/2014,22
3/13/2014,29
3/14/2014,31
3/15/2014,28
3/16/2014,27
3/17/2014,31
3/18/2014,21
3/19/2014,22
3/20/2014,26
3/21/2014,34
3/22/2014,31
3/23/2014,30
3/24/2014,36
3/25/2014,34
3/26/2014,28
3/27/2014,27
3/28/2014,29
3/29/2014,30
3/30/2014,28
3/31/2014,23
4/1/2014,34
4/2/2014,24
4/3/2014,22
4/4/2014,23
4/5/2014,33
4/6/2014,30
4/7/2014,31
4/8/2014,38
4/9/2014,40
4/10/2014,44
4/11/2014,44
4/12/2014,43
4/13/2014,28
4/14/2014,23
4/15/2014,28
4/16/2014,37
4/17/2014,33
4/18/2014,40
4/19/2014,38
4/20/2014,39
4/21/2014,44
4/22/2014,45
4/23/2014,34
4/24/2014,31
4/25/2014,40
4/26/2014,25
4/27/2014,26
4/28/2014,27
4/29/2014,25
4/30/2014,30
5/1/2014,31
5/2/2014,38
5/3/2014,45
5/4/2014,49
5/5/2014,47
5/6/2014,46
5/7/2014,35
5/8/2014,31
5/9/2014,34
5/10/2014,43
5/11/2014,30
5/12/2014,29
5/13/2014,25
5/14/2014,28
5/15/2014,38
5/16/2014,45
5/17/2014,49
5/18/2014,52
5/19/2014,49
5/20/2014,48
5/21/2014,50
5/22/2014,47
5/23/2014,41
5/24/2014,36
5/25/2014,37
5/26/2014,39
5/27/2014,50
5/28/2014,56
5/29/2014,55
5/30/2014,49
5/31/2014,53
6/1/2014,55
6/2/2014,53
6/3/2014,59
6/4/2014,54
6/5/2014,53
6/6/2014,55
6/7/2014,54
6/8/2014,48
6/9/2014,44
6/10/2014,51
6/11/2014,55
6/12/2014,53
6/13/2014,54
6/14/2014,50
6/15/2014,45
6/16/2014,49
6/17/2014,50
6/18/2014,49
6/19/2014,49
6/20/2014,51
6/21/2014,58
6/22/2014,56
6/23/2014,55
6/24/2014,58
6/25/2014,56
6/26/2014,54
6/27/2014,52
6/28/2014,57
6/29/2014,58
6/30/2014,64
7/1/2014,58
7/2/2014,56
7/3/2014,58
7/4/2014,54
7/5/2014,55
7/6/2014,56
7/7/2014,59
7/8/2014,54
7/9/2014,53
7/10/2014,54
7/11/2014,56
7/12/2014,56
7/13/2014,59
7/14/2014,57
7/15/2014,54
7/16/2014,53
7/17/2014,53
7/18/2014,57
7/19/2014,62
7/20/2014,61
7/21/2014,61
7/22/2014,60
7/23/2014,61
7/24/2014,56
7/25/2014,61
7/26/2014,62
7/27/2014,56
7/28/2014,55
7/29/2014,53
7/30/2014,55
7/31/2014,54
8/1/2014,53
8/2/2014,52
8/3/2014,55
8/4/2014,55
8/5/2014,53
8/6/2014,56
8/7/2014,56
8/8/2014,52
8/9/2014,56
8/10/2014,57
8/11/2014,55
8/12/2014,53
8/13/2014,55
8/14/2014,54
8/15/2014,55
8/16/2014,55
8/17/2014,57
8/18/2014,58
8/19/2014,55
8/20/2014,51
8/21/2014,52
8/22/2014,48
8/23/2014,48
8/24/2014,52
8/25/2014,55
8/26/2014,51
8/27/2014,45
8/28/2014,46
8/29/2014,50
8/30/2014,53
8/31/2014,54
9/1/2014,56
9/2/2014,58
9/3/2014,59
9/4/2014,50
9/5/2014,49
9/6/2014,51
9/7/2014,51
9/8/2014,54
9/9/2014,45
9/10/2014,44
9/11/2014,46
9/12/2014,50
9/13/2014,45
9/14/2014,50
9/15/2014,51
9/16/2014,52
9/17/2014,52
9/18/2014,53
9/19/2014,52
9/20/2014,55
9/21/2014,51
9/22/2014,52
9/23/2014,49
9/24/2014,54
9/25/2014,52
9/26/2014,51
9/27/2014,52
9/28/2014,42
9/29/2014,38
9/30/2014,37
10/1/2014,40
10/2/2014,34
10/3/2014,37
10/4/2014,44
10/5/2014,45
10/6/2014,49
10/7/2014,44
10/8/2014,48
10/9/2014,43
10/10/2014,42
10/11/2014,39
10/12/2014,36
10/13/2014,33
10/14/2014,38
10/15/2014,46
10/16/2014,46
10/17/2014,47
10/18/2014,47
10/19/2014,44
10/20/2014,44
10/21/2014,45
10/22/2014,42
10/23/2014,43
10/24/2014,47
10/25/2014,48
10/26/2014,47
10/27/2014,38
10/28/2014,35
10/29/2014,39
10/30/2014,43
10/31/2014,42
11/1/2014,42
11/2/2014,33
11/3/2014,27
11/4/2014,29
11/5/2014,33
11/6/2014,40
11/7/2014,40
11/8/2014,40
11/9/2014,39
11/10/2014,36
11/11/2014,31
11/12/2014,33
11/13/2014,30
11/14/2014,30
11/15/2014,29
11/16/2014,17
11/17/2014,14
11/18/2014,19
11/19/2014,20
11/20/2014,27
11/21/2014,29
11/22/2014,29
11/23/2014,20
11/24/2014,16
11/25/2014,17
11/26/2014,32
11/27/2014,34
11/28/2014,39
11/29/2014,36
11/30/2014,34
12/1/2014,29
12/2/2014,31
12/3/2014,32
12/4/2014,32
12/5/2014,29
12/6/2014,34
12/7/2014,32
12/8/2014,33
12/9/2014,36
12/10/2014,33
12/11/2014,36
12/12/2014,37
12/13/2014,26
12/14/2014,21
12/15/2014,17
12/16/2014,21
12/17/2014,26
12/18/2014,21
12/19/2014,17
12/20/2014,18
12/21/2014,21
12/22/2014,23
12/23/2014,16
12/24/2014,16
12/25/2014,16
12/26/2014,9
12/27/2014,7
12/28/2014,8
12/29/2014,11
12/30/2014,11
12/31/2014,16
1/1/2015,11
1/2/2015,10
1/3/2015,14
1/4/2015,13
1/5/2015,22
1/6/2015,31
1/7/2015,35
1/8/2015,32
1/9/2015,28
1/10/2015,24
1/11/2015,27
1/12/2015,26
1/13/2015,27
1/14/2015,23
1/15/2015,20
1/16/2015,26
1/17/2015,26
1/18/2015,28
1/19/2015,30
1/20/2015,29
1/21/2015,19
1/22/2015,15
1/23/2015,15
1/24/2015,25
1/25/2015,27
1/26/2015,33
1/27/2015,37
1/28/2015,33
1/29/2015,32
1/30/2015,28
1/31/2015,26
2/1/2015,22
2/2/2015,23
2/3/2015,29
2/4/2015,32
2/5/2015,37
2/6/2015,38
2/7/2015,39
2/8/2015,37
2/9/2015,37
2/10/2015,37
2/11/2015,31
2/12/2015,28
2/13/2015,36
2/14/2015,38
2/15/2015,31
2/16/2015,20
2/17/2015,16
2/18/2015,22
2/19/2015,33
2/20/2015,34
2/21/2015,27
2/22/2015,24
2/23/2015,22
2/24/2015,26
2/25/2015,21
2/26/2015,20
2/27/2015,17
2/28/2015,20
3/1/2015,26
3/2/2015,25
3/3/2015,20
3/4/2015,17
3/5/2015,15
3/6/2015,24
3/7/2015,31
3/8/2015,32
3/9/2015,31
3/10/2015,31
3/11/2015,36
3/12/2015,40
3/13/2015,37
3/14/2015,35
3/15/2015,39
3/16/2015,41
3/17/2015,44
3/18/2015,41
3/19/2015,37
3/20/2015,33
3/21/2015,34
3/22/2015,38
3/23/2015,38
3/24/2015,38
3/25/2015,33
3/26/2015,29
3/27/2015,39
3/28/2015,44
3/29/2015,47
3/30/2015,40
3/31/2015,44
4/1/2015,43
4/2/2015,32
4/3/2015,26
4/4/2015,31
4/5/2015,38
4/6/2015,37
4/7/2015,35
4/8/2015,29
4/9/2015,27
4/10/2015,38
4/11/2015,40
4/12/2015,39
4/13/2015,39
4/14/2015,38
4/15/2015,27
4/16/2015,23
4/17/2015,23
4/18/2015,23
4/19/2015,36
4/20/2015,38
4/21/2015,39
4/22/2015,41
4/23/2015,40
4/24/2015,34
4/25/2015,32
4/26/2015,31
4/27/2015,35
4/28/2015,36
4/29/2015,40
4/30/2015,46
5/1/2015,51
5/2/2015,47
5/3/2015,45
5/4/2015,42
5/5/2015,40
5/6/2015,37
5/7/2015,38
5/8/2015,34
5/9/2015,28
5/10/2015,29
5/11/2015,33
5/12/2015,39
5/13/2015,39
5/14/2015,44
5/15/2015,32
5/16/2015,32
5/17/2015,33
5/18/2015,40
5/19/2015,34
5/20/2015,37
5/21/2015,38
5/22/2015,35
5/23/2015,34
5/24/2015,34
5/25/2015,36
5/26/2015,39
5/27/2015,43
5/28/2015,48
5/29/2015,45
5/30/2015,46
5/31/2015,52
6/1/2015,55
6/2/2015,52
6/3/2015,52
6/4/2015,51
6/5/2015,45
6/6/2015,44
6/7/2015,46
6/8/2015,46
6/9/2015,53
6/10/2015,52
6/11/2015,47
6/12/2015,46
6/13/2015,48
6/14/2015,49
6/15/2015,50
6/16/2015,53
6/17/2015,56
6/18/2015,59
6/19/2015,60
6/20/2015,60
6/21/2015,61
6/22/2015,63
6/23/2015,61
6/24/2015,56
6/25/2015,56
6/26/2015,60
6/27/2015,59
6/28/2015,57
6/29/2015,58
6/30/2015,61
7/1/2015,62
7/2/2015,57
7/3/2015,56
7/4/2015,54
7/5/2015,55
7/6/2015,54
7/7/2015,49
7/8/2015,46
7/9/2015,47
7/10/2015,48
7/11/2015,50
7/12/2015,52
7/13/2015,53
7/14/2015,53
7/15/2015,50
7/16/2015,53
7/17/2015,54
7/18/2015,54
7/19/2015,51
7/20/2015,54
7/21/2015,52
7/22/2015,56
7/23/2015,59
7/24/2015,58
7/25/2015,55
7/26/2015,60
7/27/2015,57
7/28/2015,58
7/29/2015,57
7/30/2015,54
7/31/2015,55
8/1/2015,57
8/2/2015,54
8/3/2015,51
8/4/2015,56
8/5/2015,59
8/6/2015,65
8/7/2015,52
8/8/2015,50
8/9/2015,52
8/10/2015,57
8/11/2015,54
8/12/2015,54
8/13/2015,60
8/14/2015,61
8/15/2015,60
8/16/2015,59
8/17/2015,59
8/18/2015,58
8/19/2015,57
8/20/2015,55
8/21/2015,58
8/22/2015,56
8/23/2015,56
8/24/2015,53
8/25/2015,56
8/26/2015,53
8/27/2015,51
8/28/2015,54
8/29/2015,56
8/30/2015,58
8/31/2015,54
9/1/2015,53
9/2/2015,56
9/3/2015,54
9/4/2015,52
9/5/2015,49
9/6/2015,48
9/7/2015,56
9/8/2015,53
9/9/2015,54
9/10/2015,55
9/11/2015,55
9/12/2015,54
9/13/2015,56
9/14/2015,53
9/15/2015,51
9/16/2015,50
9/17/2015,50
9/18/2015,50
9/19/2015,50
9/20/2015,50
9/21/2015,54
9/22/2015,49
9/23/2015,46
9/24/2015,52
9/25/2015,52
9/26/2015,55
9/27/2015,56
9/28/2015,56
9/29/2015,56
9/30/2015,55
10/1/2015,56
10/2/2015,52
10/3/2015,44
10/4/2015,47
10/5/2015,43
10/6/2015,41
10/7/2015,43
10/8/2015,46
10/9/2015,47
10/10/2015,47
10/11/2015,48
10/12/2015,52
10/13/2015,51
10/14/2015,51
10/15/2015,50
10/16/2015,48
10/17/2015,44
10/18/2015,45
10/19/2015,44
10/20/2015,39
10/21/2015,40
10/22/2015,37
10/23/2015,35
10/24/2015,38
10/25/2015,39
10/26/2015,39
10/27/2015,36
10/28/2015,33
10/29/2015,35
10/30/2015,35
10/31/2015,34
11/1/2015,37
11/2/2015,40
11/3/2015,38
11/4/2015,23
11/5/2015,23
11/6/2015,23
11/7/2015,25
11/8/2015,26
11/9/2015,32
11/10/2015,23
11/11/2015,20
11/12/2015,23
11/13/2015,30
11/14/2015,33
11/15/2015,30
11/16/2015,20
11/17/2015,22
11/18/2015,19
11/19/2015,29
11/20/2015,31
11/21/2015,26
11/22/2015,27
11/23/2015,32
11/24/2015,33
11/25/2015,32
11/26/2015,29
11/27/2015,26
11/28/2015,20
11/29/2015,18
11/30/2015,12
12/1/2015,15
12/2/2015,20
12/3/2015,26
12/4/2015,33
12/5/2015,25
12/6/2015,26
12/7/2015,32
12/8/2015,29
12/9/2015,32
12/10/2015,32
12/11/2015,33
12/12/2015,28
12/13/2015,22
12/14/2015,16
12/15/2015,11
12/16/2015,9
12/17/2015,13
12/18/2015,13
12/19/2015,29
12/20/2015,23
12/21/2015,19
12/22/2015,24
12/23/2015,14
12/24/2015,9
12/25/2015,9
12/26/2015,8
12/27/2015,16
12/28/2015,15
12/29/2015,13
12/30/2015,13
12/31/2015,14
1/1/2016,15
1/2/2016,18
1/3/2016,28
1/4/2016,25
1/5/2016,23
1/6/2016,25
1/7/2016,21
1/8/2016,15
1/9/2016,13
1/10/2016,8
1/11/2016,9
1/12/2016,18
1/13/2016,22
1/14/2016,18
1/15/2016,15
1/16/2016,12
1/17/2016,18
1/18/2016,22
1/19/2016,24
1/20/2016,20
1/21/2016,20
1/22/2016,21
1/23/2016,30
1/24/2016,21
1/25/2016,17
1/26/2016,14
1/27/2016,19
1/28/2016,26
1/29/2016,26
1/30/2016,30
1/31/2016,30
2/1/2016,13
2/2/2016,7
2/3/2016,4
2/4/2016,4
2/5/2016,8
2/6/2016,16
2/7/2016,21
2/8/2016,25
2/9/2016,31
2/10/2016,35
2/11/2016,33
2/12/2016,37
2/13/2016,39
2/14/2016,33
2/15/2016,27
2/16/2016,29
2/17/2016,34
2/18/2016,40
2/19/2016,33
2/20/2016,36
2/21/2016,34
2/22/2016,28
2/23/2016,19
2/24/2016,16
2/25/2016,26
2/26/2016,32
2/27/2016,35
2/28/2016,37
2/29/2016,35
3/1/2016,36
3/2/2016,38
3/3/2016,37
3/4/2016,40
3/5/2016,40
3/6/2016,33
3/7/2016,24
3/8/2016,23
3/9/2016,26
3/10/2016,32
3/11/2016,40
3/12/2016,35
3/13/2016,30
3/14/2016,31
3/15/2016,28
3/16/2016,28
3/17/2016,30
3/18/2016,35
3/19/2016,34
3/20/2016,32
3/21/2016,40
3/22/2016,23
3/23/2016,22
3/24/2016,27
3/25/2016,30
3/26/2016,24
3/27/2016,20
3/28/2016,36
3/29/2016,23
3/30/2016,20
3/31/2016,22
4/1/2016,24
4/2/2016,29
4/3/2016,36
4/4/2016,40
4/5/2016,36
4/6/2016,32
4/7/2016,42
4/8/2016,38
4/9/2016,36
4/10/2016,37
4/11/2016,31
4/12/2016,36
4/13/2016,37
4/14/2016,43
4/15/2016,32
4/16/2016,29
4/17/2016,28
4/18/2016,27
4/19/2016,25
4/20/2016,34
4/21/2016,38
4/22/2016,47
4/23/2016,39
4/24/2016,35
4/25/2016,29
4/26/2016,27
4/27/2016,29
4/28/2016,33
4/29/2016,30
4/30/2016,29
5/1/2016,31
5/2/2016,30
5/3/2016,34
5/4/2016,44
5/5/2016,48
5/6/2016,46
5/7/2016,37
5/8/2016,32
5/9/2016,33
5/10/2016,42
5/11/2016,37
5/12/2016,38
5/13/2016,45
5/14/2016,52
5/15/2016,44
5/16/2016,38
5/17/2016,37
5/18/2016,37
5/19/2016,36
5/20/2016,45
5/21/2016,47
5/22/2016,45
5/23/2016,41
5/24/2016,44
5/25/2016,42
5/26/2016,42
5/27/2016,40
5/28/2016,40
5/29/2016,50
5/30/2016,50
5/31/2016,47
6/1/2016,49
6/2/2016,49
6/3/2016,55
6/4/2016,57
6/5/2016,57
6/6/2016,57
6/7/2016,57
6/8/2016,56
6/9/2016,57
6/10/2016,58
6/11/2016,58
6/12/2016,53
6/13/2016,49
6/14/2016,47
6/15/2016,54
6/16/2016,50
6/17/2016,53
6/18/2016,57
6/19/2016,57
6/20/2016,62
6/21/2016,61
6/22/2016,62
6/23/2016,61
6/24/2016,59
6/25/2016,59
6/26/2016,59
6/27/2016,58
6/28/2016,57
6/29/2016,55
6/30/2016,54
7/1/2016,51
7/2/2016,50
7/3/2016,53
7/4/2016,52
7/5/2016,58
7/6/2016,58
7/7/2016,58
7/8/2016,57
7/9/2016,59
7/10/2016,60
7/11/2016,58
7/12/2016,56
7/13/2016,58
7/14/2016,60
7/15/2016,58
7/16/2016,63
7/17/2016,59
7/18/2016,56
7/19/2016,56
7/20/2016,55
7/21/2016,56
7/22/2016,58
7/23/2016,59
7/24/2016,61
7/25/2016,57
7/26/2016,59
7/27/2016,58
7/28/2016,63
7/29/2016,61
7/30/2016,58
7/31/2016,57
8/1/2016,58
8/2/2016,56
8/3/2016,55
8/4/2016,54
8/5/2016,53
8/6/2016,52
8/7/2016,54
8/8/2016,55
8/9/2016,57
8/10/2016,55
8/11/2016,54
8/12/2016,57
8/13/2016,55
8/14/2016,52
8/15/2016,54
8/16/2016,57
8/17/2016,53
8/18/2016,49
8/19/2016,50
8/20/2016,52
8/21/2016,51
8/22/2016,50
8/23/2016,47
8/24/2016,47
8/25/2016,48
8/26/2016,46
8/27/2016,47
8/28/2016,46
8/29/2016,50
8/30/2016,51
8/31/2016,52
9/1/2016,53
9/2/2016,52
9/3/2016,54
9/4/2016,52
9/5/2016,53
9/6/2016,52
9/7/2016,51
9/8/2016,53
9/9/2016,57
9/10/2016,53
9/11/2016,53
9/12/2016,46
9/13/2016,45
9/14/2016,48
9/15/2016,46
9/16/2016,45
9/17/2016,47
9/18/2016,47
9/19/2016,54
9/20/2016,48
9/21/2016,48
9/22/2016,50
9/23/2016,31
9/24/2016,34
9/25/2016,40
9/26/2016,43
9/27/2016,43
9/28/2016,50
9/29/2016,47
9/30/2016,47
10/1/2016,45
10/2/2016,47
10/3/2016,35
10/4/2016,29
10/5/2016,36
10/6/2016,36
10/7/2016,33
10/8/2016,40
10/9/2016,42
10/10/2016,42
10/11/2016,48
10/12/2016,45
10/13/2016,47
10/14/2016,48
10/15/2016,48
10/16/2016,47
10/17/2016,46
10/18/2016,44
10/19/2016,40
10/20/2016,39
10/21/2016,41
10/22/2016,47
10/23/2016,50
10/24/2016,49
10/25/2016,42
10/26/2016,40
10/27/2016,47
10/28/2016,49
10/29/2016,48
10/30/2016,48
10/31/2016,47
11/1/2016,42
11/2/2016,39
11/3/2016,41
11/4/2016,36
11/5/2016,38
11/6/2016,37
11/7/2016,38
11/8/2016,41
11/9/2016,41
11/10/2016,42
11/11/2016,40
11/12/2016,36
11/13/2016,37
11/14/2016,39
11/15/2016,42
11/16/2016,41
11/17/2016,22
11/18/2016,18
11/19/2016,30
11/20/2016,36
11/21/2016,30
11/22/2016,28
11/23/2016,26
11/24/2016,27
11/25/2016,28
11/26/2016,28
11/27/2016,20
11/28/2016,17
11/29/2016,16
11/30/2016,11
12/1/2016,14
12/2/2016,21
12/3/2016,19
12/4/2016,20
12/5/2016,24
12/6/2016,24
12/7/2016,13
12/8/2016,11
12/9/2016,24
12/10/2016,28
12/11/2016,32
12/12/2016,29
12/13/2016,27
12/14/2016,31
12/15/2016,35
12/16/2016,30
12/17/2016,9
12/18/2016,7
12/19/2016,13
12/20/2016,22
12/21/2016,28
12/22/2016,30
12/23/2016,28
12/24/2016,24
12/25/2016,13
12/26/2016,10
12/27/2016,16
12/28/2016,24
12/29/2016,24
12/30/2016,27
12/31/2016,26
1/1/2017,24
1/2/2017,25
1/3/2017,21
1/4/2017,23
1/5/2017,25
1/6/2017,9
1/7/2017,9
1/8/2017,23
1/9/2017,31
1/10/2017,26
1/11/2017,28
1/12/2017,25
1/13/2017,30
1/14/2017,31
1/15/2017,33
1/16/2017,27
1/17/2017,28
1/18/2017,22
1/19/2017,21
1/20/2017,19
1/21/2017,21
1/22/2017,15
1/23/2017,20
1/24/2017,13
1/25/2017,9
1/26/2017,7
1/27/2017,5
1/28/2017,11
1/29/2017,21
1/30/2017,27
1/31/2017,26
2/1/2017,26
2/2/2017,31
2/3/2017,29
2/4/2017,29
2/5/2017,30
2/6/2017,29
2/7/2017,29
2/8/2017,33
2/9/2017,35
2/10/2017,42
2/11/2017,38
2/12/2017,32
2/13/2017,28
2/14/2017,28
2/15/2017,26
2/16/2017,29
2/17/2017,29
2/18/2017,31
2/19/2017,27
2/20/2017,25
2/21/2017,32
2/22/2017,34
2/23/2017,15
2/24/2017,13
2/25/2017,10
2/26/2017,17
2/27/2017,21
2/28/2017,20
3/1/2017,10
3/2/2017,18
3/3/2017,25
3/4/2017,32
3/5/2017,32
3/6/2017,17
3/7/2017,15
3/8/2017,30
3/9/2017,36
3/10/2017,40
3/11/2017,41
3/12/2017,37
3/13/2017,39
3/14/2017,40
3/15/2017,41
3/16/2017,43
3/17/2017,43
3/18/2017,45
3/19/2017,45
3/20/2017,46
3/21/2017,45
3/22/2017,44
3/23/2017,29
3/24/2017,31
3/25/2017,33
3/26/2017,29
3/27/2017,32
3/28/2017,30
3/29/2017,31
3/30/2017,36
3/31/2017,27
4/1/2017,26
4/2/2017,26
4/3/2017,28
4/4/2017,24
4/5/2017,22
4/6/2017,33
4/7/2017,42
4/8/2017,41
4/9/2017,31
4/10/2017,27
4/11/2017,36
4/12/2017,42
4/13/2017,44
4/14/2017,42
4/15/2017,41
4/16/2017,43
4/17/2017,43
4/18/2017,45
4/19/2017,43
4/20/2017,40
4/21/2017,37
4/22/2017,32
4/23/2017,38
4/24/2017,41
4/25/2017,31
4/26/2017,33
4/27/2017,31
4/28/2017,25
4/29/2017,24
4/30/2017,27
5/1/2017,37
5/2/2017,41
5/3/2017,40
5/4/2017,43
5/5/2017,48
5/6/2017,50
5/7/2017,48
5/8/2017,43
5/9/2017,36
5/10/2017,33
5/11/2017,32
5/12/2017,44
5/13/2017,48
5/14/2017,49
5/15/2017,46
5/16/2017,37
5/17/2017,32
5/18/2017,27
5/19/2017,25
5/20/2017,33
5/21/2017,37
5/22/2017,42
5/23/2017,45
5/24/2017,47
5/25/2017,51
5/26/2017,47
5/27/2017,46
5/28/2017,41
5/29/2017,46
5/30/2017,49
5/31/2017,48
6/1/2017,47
6/2/2017,47
6/3/2017,51
6/4/2017,50
6/5/2017,55
6/6/2017,58
6/7/2017,56
6/8/2017,54
6/9/2017,57
6/10/2017,56
6/11/2017,52
6/12/2017,51
6/13/2017,42
6/14/2017,47
6/15/2017,53
6/16/2017,58
6/17/2017,62
6/18/2017,63
6/19/2017,65
6/20/2017,61
6/21/2017,65
6/22/2017,62
6/23/2017,61
6/24/2017,56
6/25/2017,56
6/26/2017,55
6/27/2017,55
6/28/2017,55
6/29/2017,57
6/30/2017,56
7/1/2017,55
7/2/2017,59
7/3/2017,57
7/4/2017,60
7/5/2017,62
7/6/2017,62
7/7/2017,60
7/8/2017,55
7/9/2017,58
7/10/2017,58
7/11/2017,57
7/12/2017,54
7/13/2017,54
7/14/2017,54
7/15/2017,55
7/16/2017,56
7/17/2017,56
7/18/2017,58
7/19/2017,58
7/20/2017,57
7/21/2017,57
7/22/2017,58
7/23/2017,59
7/24/2017,54
7/25/2017,55
7/26/2017,56
7/27/2017,59
7/28/2017,55
7/29/2017,54
7/30/2017,52
7/31/2017,54
8/1/2017,53
8/2/2017,55
8/3/2017,55
8/4/2017,54
8/5/2017,52
8/6/2017,50
8/7/2017,51
8/8/2017,54
8/9/2017,56
8/10/2017,59
8/11/2017,52
8/12/2017,50
8/13/2017,55
8/14/2017,55
8/15/2017,52
8/16/2017,49
8/17/2017,55
8/18/2017,56
8/19/2017,56
8/20/2017,56
8/21/2017,52
8/22/2017,54
8/23/2017,53
8/24/2017,50
8/25/2017,50
8/26/2017,57
8/27/2017,57
8/28/2017,57
8/29/2017,57
8/30/2017,55
8/31/2017,56
9/1/2017,55
9/2/2017,55
9/3/2017,57
9/4/2017,59
9/5/2017,57
9/6/2017,56
9/7/2017,58
9/8/2017,53
9/9/2017,56
9/10/2017,54
9/11/2017,56
9/12/2017,54
9/13/2017,56
9/14/2017,45
9/15/2017,45
9/16/2017,46
9/17/2017,49
